{
    "Mercury":{
        "id":[1,2,3,4,5,6,7,11,12,13],
        "angles_min":[-178, -74, -178, -180, -178, -20, -180, -60, -140, -120],
        "angles_max":[178, 130, 178, 10, 178, 273, 180, 0, 190, 120],
        "coords_min":[-466, -466, -290, -180, -180, -180],
        "coords_max":[466, 466, 641, 180, 180, 180]
    },
    "MercurySocket":{
        "id":[1,2,3,4,5,6,7,11,12,13],
        "angles_min":[-178, -74, -178, -180, -178, -20, -180, -60, -140, -120],
        "angles_max":[178, 130, 178, 10, 178, 273, 180, 0, 190, 120],
        "coords_min":[-466, -466, -290, -180, -180, -180],
        "coords_max":[466, 466, 641, 180, 180, 180]
    },
    "MyCobot":{
        "id":[1,2,3,4,5,6, 7],
        "angles_min":[-168, -135, -150, -145, -165, -180],
        "angles_max":[168, 135, 150, 145, 165, 180],
        "coords_min":[-350, -350, -70, -180, -180, -180],
        "coords_max":[350, 350, 523.9, 180, 180, 180]
    },
    "MyCobotSocket":{
        "id":[1,2,3,4,5,6, 7],
        "angles_min":[-168, -135, -150, -145, -165, -180],
        "angles_max":[168, 135, 150, 145, 165, 180],
        "coords_min":[-350, -350, -70, -180, -180, -180],
        "coords_max":[350, 350, 523.9, 180, 180, 180]
    },
    "MechArm":{
        "id":[1,2,3,4,5,6, 7],
        "angles_min":[-165, -90, -180, -165, -115, -175],
        "angles_max":[165, 90, 70, 165, 115, 175],
        "coords_min":[-272, -272, -36, -180, -180, -180],
        "coords_max":[272, 272, 408.9, 180, 180, 180]
    },
    "MechArmSocket":{
        "id":[1,2,3,4,5,6, 7],
        "angles_min":[-165, -90, -180, -165, -115, -175],
        "angles_max":[165, 90, 70, 165, 115, 175],
        "coords_min":[-272, -272, -36, -180, -180, -180],
        "coords_max":[272, 272, 408.9, 180, 180, 180]
    },
    "MyArm":{
        "id":[1,2,3,4,5,6,7,8],
        "angles_min":[-160, -70, -170, -113, -170, -115, -180],
        "angles_max":[160, 115, 170, 75, 170, 115, 180],
        "coords_min":[-310, -310, -140, -180, -180, -180],
        "coords_max":[310, 310, 480, 180, 180, 180]
    },
    "MyArmSocket":{
        "id":[1,2,3,4,5,6,7,8],
        "angles_min":[-160, -70, -170, -113, -170, -115, -180],
        "angles_max":[160, 115, 170, 75, 170, 115, 180],
        "coords_min":[-310, -310, -140, -180, -180, -180],
        "coords_max":[310, 310, 480, 180, 180, 180]
    },
    "MyPalletizer":{
        "id":[1,2,3,4, 7],
        "angles_min":[-162, -2, -92, -180],
        "angles_max":[162, 90, 60, 180],
        "coords_min":[-260, -260, -15, -180],
        "coords_max":[260, 260, 357.58, 180]
    },
    "MyPalletizerSocket":{
        "id":[1,2,3,4, 7],
        "angles_min":[-162, -2, -92, -180],
        "angles_max":[162, 90, 60, 180],
        "coords_min":[-260, -260, -15, -180],
        "coords_max":[260, 260, 357.58, 180]
    },
    "UltraArm":{
        "id":[1,2,3,4, 7],
        "angles_min":[-150, -20, -5, -180],
        "angles_max":[170, 90, 110, 180],
        "coords_min":[-340, -340, 0, -180],
        "coords_max":[340, 340, 270.58, 180]
    },
    "MyBuddy":{
        "id":[1,2,3,4,5,6, 7],
        "angles_min":[-165, -165, -165, -165, -165, -175],
        "angles_max":[165, 165, 165, 165, 165, 175],
        "waist_angle_min":-120,
        "waist_angle_max":120,
        "left_coords_min":[0, -40, 0, -180,-180,-180],
        "left_coords_max":[250, 260, 480, 180,180,180],
        "right_coords_min":[0, -260, 0, -180,-180,-180],
        "right_coords_max":[250, 40, 480, 180,180,180]
    },
    "MyBuddySocket":{
        "id":[1,2,3,4,5,6, 7],
        "angles_min":[-165, -165, -165, -165, -165, -175],
        "angles_max":[165, 165, 165, 165, 165, 175],
        "waist_angle_min":-120,
        "waist_angle_max":120,
        "left_coords_min":[0, -40, 0, -180,-180,-180],
        "left_coords_max":[250, 260, 480, 180,180,180],
        "right_coords_min":[0, -260, 0, -180,-180,-180],
        "right_coords_max":[250, 40, 480, 180,180,180]
    }
}
